Workbook

Sheet 테이블 목록 정의서
A1: 테이블 목록 정의서' 바로가기
B2: 테이블 목록 정의서
B4: 팀명 | C4: 1팀 | D4: 팀원 | E4: 권형택, 김경진, 박진성, 조기완, 이창민
B5: 작성자 | C5: 권형택 | D5: 업데이트일 | E5: 45952
B6: 프로젝트 명 | C6: 스타트업 그룹웨어 프로젝트
B8: NO | C8: 테이블명 | D8: 테이블한글명 | E8: 테이블 정의
B9: 1 | C9: tbl_employee | D9: 직원 기본 정보 | E9: 직원의 로그인 정보, 인적 사항 등 기본 정보를 관리하는 테이블
B10: 2 | C10: tbl_employee_history | D10: 인사정보 변동 이력 | E10: 인사정보 변동이력을 기록하는 테이블
B11: 3 | C11: tbl_common_code | D11: 공통 코드 정보 | E11: 직급, 부서, 상태 등의 모든 코드형 값을 관리하는 테이블
B12: 4 | C12: tbl_approval_doc | D12: 결재 문서 정보 | E12: 기안자가 작성한 결재 문서의 상태를 저장하는 테이블
B13: 5 | C13: tbl_approval_line | D13: 결재선 정보 | E13: 결재 문서에 대한 결재자, 순서, 상태를 관리하는 테이블
B14: 6 | C14: tbl_approval_reference | D14: 결재 참조자 (CC) | E14: 결재 문서를 참조(CC)하는 사용자를 관리하는 테이블
B15: 7 | C15: tbl_login_history | D15: 회원 로그인 이력 | E15: 사용자의 시스템 로그인 시도 이력을 기록하는 테이블
B16: 8 | C16: tbl_notification | D16: 알림 정보 | E16: 알림 기능을 관리 하고 기록 하는 테이블
B17: 9 | C17: tbl_chat_room | D17: 채팅방 정보 | E17: 채팅방 정보를 기록 하는 테이블
B18: 10 | C18: tbl_chat_employee | D18: 채팅 사원 | E18: 채팅 서비스를 이용하는 사원의 정보를 관리 하고 기록 하는 테이블
B19: 11 | C19: tbl_chat_message | D19: 채팅 메시지 | E19: 채팅방 메시지 정보를 관리 하고 기록 하는 테이블
B20: 12 | C20: tbl_post_category | D20: 게시판 | E20: 게시글의 종류를 관리하는 테이블
... B34: 26 | C34: tbl_work_log_read | D34: 읽음 이력 테이블 | E34: 업무일지 사용자별 읽음 처리 테이블
B35: 27
B36: 28
B37: 29
B38: 30
B39: 31
B40: 32
B41: 33
B42: 34
B43: 35
B44: 36
B45: 37
B46: 38
... B51: 43

Sheet 테이블정의서_원본
B2: 테이블 정의서 _ | H2: =D4 -> tbl_department
B4: 테이블명 | D4: tbl_department | G4: 테이블한글명 | I4: =VLOOKUP($D$4,'테이블 목록 정의서'!$C$9:$E$51,2,) -> #N/A
B5: 테이블 정의 | D5: =VLOOKUP($D$4,'테이블 목록 정의서'!$C$9:$E$51,3,) -> #N/A
B6: 작성자 | G6: 작성일
B8: No | C8: Column 명 | D8: 컬럼한글명 | E8: 자료형 | F8: 크기 | G8: NULL | H8: key | I8: 비고
B9: 1
B10: 2
B11: 3
B12: 4
B13: 5
B14: 6
B15: 7
B16: 8
B17: 9
B18: 10
B19: 11
B20: 12
... B28: 20

Sheet tbl_login_history
B2: 테이블 정의서 _ | H2: =D4 -> tbl_login_history
B4: 테이블명 | D4: tbl_login_history | G4: 테이블한글명 | I4: =VLOOKUP($D$4,'테이블 목록 정의서'!$C$9:$E$51,2,) -> 회원 로그인 이력
B5: 테이블 정의 | D5: =VLOOKUP($D$4,'테이블 목록 정의서'!$C$9:$E$51,3,) -> 사용자의 시스템 로그인 시도 이력을 기록하는 테이블
B6: 작성자 | D6: 권형택 | G6: 작성일 | I6: 45948
B8: No | C8: Column 명 | D8: 컬럼한글명 | E8: 자료형 | F8: 크기 | G8: NULL | H8: key | I8: 비고
B9: 1 | C9: history_id | D9: 이력 고유 ID | E9: BIGINT | G9: N | H9: PK | I9: AUTO_INCREMENT
B10: 2 | C10: username | D10: 로그인을 시도한 아이디 | E10: VARCHAR | F10: 50 | G10: N | I10: 로그인 실패 시(존재하지 않는 아이디) employee_id가 없으므로 시도한 아이디 자체를 기록
B11: 3 | C11: login_timestamp | D11: 로그인 시도 시간 | E11: DATETIME | G11: N | I11: DEFAULT CURRENT_TIMESTAMP
B12: 4 | C12: ip_address | D12: 접속 IP 주소 | E12: VARCHAR | F12: 45 | G12: N
B13: 5 | C13: login_status | D13: 로그인 상태 | E13: VARCHAR | F13: 10 | G13: N | I13: 공통 코드 사용 (SUCCESS, FAILURE)
B14: 6 | C14: user_agent | D14: 사용자 클라이언트 정보 | E14: VARCHAR | F14: 255 | G14: Y | I14: (브라우저 등)
B15: 7 | C15: employee_id | D15: 로그인 성공 시 참조할 사원 ID | E15: BIGINT | G15: Y | H15: FK | I15: tbl_employee.employee_id 참조 (ON DELETE SET NULL)
B16: 8
B17: 9
B18: 10
B19: 11
B20: 12
B21: 13
B22: 14
B23: 15
B24: 16
B25: 17
B26: 18
B27: 19
B28: 20

Sheet tbl_post_category
B2: 테이블 정의서 _ | H2: tbl_post_category
B4: 테이블명 | D4: tbl_post_category | G4: 테이블한글명 | I4: =VLOOKUP($D$4,'테이블 목록 정의서'!$C$9:$E$51,2,) -> 게시판
B5: 테이블 정의 | D5: =VLOOKUP($D$4,'테이블 목록 정의서'!$C$9:$E$51,3,) -> 게시글의 종류를 관리하는 테이블
B6: 작성자 | D6: 박진성 | G6: 작성일 | I6: 45952
B8: No | C8: Column 명 | D8: 컬럼한글명 | E8: 자료형 | F8: 크기 | G8: NULL | H8: key | I8: 비고
B9: 1 | C9: post_category_id | D9: 게시판ID | E9: BIGINT | G9: NOT NULL | H9: PK | I9: 게시판의 고유 식별자, AUTO_INCREMENT (자동증가)
B10: 2 | C10: name | D10: 게시판 이름 | E10: VARCHAR | F10: 100 | G10: NOT NULL | I10: 화면에 표시되는 게시판 이름
B11: 3 | C11: order | D11: 게시판 정렬 순서 | E11: int | G11: NOT NULL | I11: 게시판의 정렬 순서 (낮을 수록 높은 순위)
B12: 4 | C12: role_id | D12: 권한 ID | E12: INT | G12: NOT NULL | H12: FK | I12: tbl_role.role_id 참조
B13: 5 | C13: updated_at | D13: 수정 일시 | E13: DATETIME | G13: NOT NULL | I13: ON UPDATE CURRENT_TIMESTAMP
B14: 6 | C14: created_at | D14: 생성 일시 | E14: DATETIME | G14: NOT NULL | I14: DEFAULT CURRENT_TIMESTAMP
B15: 7 | C15: is_deleted | D15: 삭제 | E15: CHAR | G15: NOT NULL | I15: 기본값 'N' 'Y': 삭제된 게시판, 'N': 정상 게시판 (논리적 삭제 플래그) 관리자만 조회가능.
B16: 8
B17: 9
B18: 10
B19: 11
B20: 12
B21: 13
B22: 14
B23: 15
B24: 16
B25: 17
B26: 18
B27: 19
B28: 20

Sheet tbl_post_view_log
B2: 테이블 정의서 _ | H2: tbl_post_view_log
B4: 테이블명 | D4: tbl_post_view_log | G4: 테이블한글명 | I4: =VLOOKUP($D$4,'테이블 목록 정의서'!$C$9:$E$51,2,) -> 게시글 조회
B5: 테이블 정의 | D5: =VLOOKUP($D$4,'테이블 목록 정의서'!$C$9:$E$51,3,) -> 로그인 사용자의 게시글 조회 정보를 저장하여 조회수 중복을 방지하는 테이블
B6: 작성자 | D6: 박진성 | G6: 작성일 | I6: 45952
B8: No | C8: Column 명 | D8: 컬럼한글명 | E8: 자료형 | F8: 크기 | G8: NULL | H8: key | I8: 비고
B9: 1 | C9: log_id | D9: 조회로그 ID | E9: BIGINT | G9: NOT NULL | H9: PK | I9: AUTO_INCREMENT, 고유 식별자
B10: 2 | C10: post_id | D10: 게시글 ID | E10: BIGINT | G10: NOT NULL | H10: FK | I10: tbl_post.post_id 참조
B11: 3 | C11: employee_id | D11: 조회자 ID | E11: BIGINT | G11: NOT NULL | H11: FK | I11: tbl_employee.employee_id 참조
B12: 4 | C12: viewed_at | D12: 조회 일시 | E12: DATETIME | G12: NOT NULL | I12: DEFAULT CURRENT_TIMESTAMP
B13: 5
B14: 6
B15: 7
B16: 8
B17: 9
B18: 10
B19: 11
B20: 12
B21: 13
B22: 14
B23: 15
B24: 16
... B28: 20

Sheet tbl_post
B2: 테이블 정의서 _ | H2: tbl_post
B4: 테이블명 | D4: tbl_post | G4: 테이블한글명 | I4: =VLOOKUP($D$4,'테이블 목록 정의서'!$C$9:$E$51,2,) -> 게시글
B5: 테이블 정의 | D5: =VLOOKUP($D$4,'테이블 목록 정의서'!$C$9:$E$51,3,) -> 게시글의 제목, 내용, 작성자 정보를 관리하는 테이블
B6: 작성자 | D6: 박진성 | G6: 작성일 | I6: 45952
B8: No | C8: Column 명 | D8: 컬럼한글명 | E8: 자료형 | F8: 크기 | G8: NULL | H8: key | I8: 비고
B9: 1 | C9: post_id | D9: 게시글ID | E9: BIGINT | G9: NOT NULL | H9: PK | I9: AUTO_INCREMENT, 게시글 고유 식별자
B10: 2 | C10: post_category_id | D10: 게시판ID | E10: BIGINT | G10: NOT NULL | H10: FK | I10: tbl_commonCode 참조
B11: 3 | C11: employee_id | D11: 사용자 ID | E11: BIGINT | G11: NOT NULL | H11: FK
B12: 4 | C12: employee_name | D12: 사용자 이름 | E12: LONGTEXT | G12: NOT NULL
B13: 5 | C13: title | D13: 제목 | E13: LONGTEXT | G13: NOT NULL | I13: 게시글 제목
B14: 6 | C14: content | D14: 내용 | E14: LONGTEXT | G14: NOT NULL | I14: 게시글 본문 내용 MEDIUMTEXT : 글자 수가 엄청 많은 긴 문자열을 저장하기 위한 타입
B15: 7 | C15: is_notification | D15: 공지 여부 | E15: BOOLEAN | G15: DEFAULT 'N' | I15: Y': 공지글, 'N': 일반 글
B16: 8 | C16: created_at | D16: 작성 일시 | E16: DATETIME | G16: NOT NULL | I16: DEFAULT CURRENT_TIMESTAMP
B17: 9 | C17: updated_at | D17: 수정 일시 | E17: DATETIME | G17: NOT NULL | I17: CURRENT_TIMESTAMP
B18: 10 | C18: is_deleted | D18: 삭제 | E18: CHAR | G18: NOT NULL | I18: 기본값 'N' 'Y': 삭제된 게시판, 'N': 정상 게시판 (논리적 삭제 플래그) 일반 조회 시 제외
B19: 11 | C19: alert | D19: 알림 창 | E19: BOOLEAN | G19: NOT NULL
B20: 12 | C20: view_count | D20: 조회수 | E20: BIGINT | G20: NOT NULL
B21: 13
B22: 14
B23: 15
B24: 16
B25: 17
B26: 18
B27: 19
B28: 20

Sheet tbl_post_comment
B2: 테이블 정의서 _ | H2: tbl_post_comment
B4: 테이블명 | D4: tbl_post_comment | G4: 테이블한글명 | I4: =VLOOKUP($D$4,'테이블 목록 정의서'!$C$9:$E$51,2,) -> 댓글
B5: 테이블 정의 | D5: =VLOOKUP($D$4,'테이블 목록 정의서'!$C$9:$E$51,3,) -> 게시글의 댓글을 관리하는 테이블
B6: 작성자 | D6: 박진성 | G6: 작성일 | I6: 45952
B8: No | C8: Column 명 | D8: 컬럼한글명 | E8: 자료형 | F8: 크기 | G8: NULL | H8: key | I8: 비고
B9: 1 | C9: comment_id | D9: 댓글 ID | E9: BIGINT | G9: NOT NULL | H9: PK
B10: 2 | C10: post_id | D10: 게시글 ID | E10: BIGINT | G10: NOT NULL | H10: FK
B11: 3 | C11: employee_id | D11: 사용자 ID | E11: BIGINT | G11: NOT NULL | H11: FK | I11: employee(employee_id) 참조 댓글 작성자
B12: 4 | C12: is_deleted | D12: 삭제 | E12: CHAR | G12: NOT NULL | I12: 기본값 'N' 'Y': 삭제된 게시판, 'N': 정상 게시판 (논리적 삭제 플래그)
B13: 5 | C13: content | D13: 댓글 내용 | E13: TEXT | G13: NOT NULL
B14: 6 | C14: created_at | D14: 작성 일시 | E14: DATETIME | G14: NOT NULL | I14: DEFAULT CURRENT_TIMESTAMP
B15: 7 | C15: updated_at | D15: 수정 일시 | E15: DATETIME | G15: NOT NULL | I15: ON UPDATE CURRENT_TIMESTAMP
B16: 8
B17: 9
B18: 10
B19: 11
B20: 12
B21: 13
B22: 14
B23: 15
B24: 16
B25: 17
B26: 18
B27: 19
B28: 20

Sheet tbl_approval_reference
B2: 테이블 정의서 _ | H2: =D4 -> tbl_approval_reference
B4: 테이블명 | D4: tbl_approval_reference | G4: 테이블한글명 | I4: =VLOOKUP($D$4,'테이블 목록 정의서'!$C$9:$E$51,2,) -> 결재 참조자 (CC)
B5: 테이블 정의 | D5: =VLOOKUP($D$4,'테이블 목록 정의서'!$C$9:$E$51,3,) -> 결재 문서를 참조(CC)하는 사용자를 관리하는 테이블
B6: 작성자 | D6: 권형택 | G6: 작성일 | I6: 45948
B8: No | C8: Column 명 | D8: 컬럼한글명 | E8: 자료형 | F8: 크기 | G8: NULL | H8: key | I8: 비고
B9: 1 | C9: reference_id | D9: 참조 고유 ID | E9: BIGINT | G9: N | H9: PK | I9: AUTO_INCREMENT
B10: 2 | C10: doc_id | D10: 참조할 문서 ID | E10: BIGINT | G10: N | H10: FK | I10: tbl_approval_doc.doc_id 참조 (ON DELETE CASCADE)
B11: 3 | C11: employee_id | D11: 참조자 ID | E11: BIGINT | G11: N | H11: FK | I11: tbl_employee.employee_id 참조 (ON DELETE CASCADE)
B12: 4 | C12: viewed_at | D12: 참조자가 문서를 열람한 시간 | E12: DATETIME | G12: Y
B13: 5
B14: 6
B15: 7
B16: 8
B17: 9
B18: 10
B19: 11
B20: 12
B21: 13
B22: 14
B23: 15
B24: 16
... B28: 20

Sheet tbl_approval_line
B2: 테이블 정의서 _ | H2: =D4 -> tbl_approval_line
B4: 테이블명 | D4: tbl_approval_line | G4: 테이블한글명 | I4: =VLOOKUP($D$4,'테이블 목록 정의서'!$C$9:$E$51,2,) -> 결재선 정보
B5: 테이블 정의 | D5: =VLOOKUP($D$4,'테이블 목록 정의서'!$C$9:$E$51,3,) -> 결재 문서에 대한 결재자, 순서, 상태를 관리하는 테이블
B6: 작성자 | D6: 권형택 | G6: 작성일 | I6: 45948
B8: No | C8: Column 명 | D8: 컬럼한글명 | E8: 자료형 | F8: 크기 | G8: NULL | H8: key | I8: 비고
B9: 1 | C9: line_id | D9: 결재선 고유 ID | E9: BIGINT | G9: N | H9: PK | I9: AUTO_INCREMENT
B10: 2 | C10: doc_id | D10: 문서 ID | E10: BIGINT | G10: N | H10: FK | I10: tbl_approval_doc.doc_id 참조
B11: 3 | C11: approver_id | D11: 결재자 ID | E11: BIGINT | G11: N | H11: FK | I11: tbl_employee.employee_id 참조
B12: 4 | C12: approval_order | D12: 결재 순서 | E12: INT | G12: N
B13: 5 | C13: approval_status | D13: 결재 상태 | E13: VARCHAR | F13: 20 | G13: N | I13: DEFAULT 'PENDING' (PENDING, APPROVED, REJECTED)
B14: 6 | C14: approval_date | D14: 결재 처리일 | E14: DATETIME | G14: Y
B15: 7 | C15: comment | D15: 결재 의견 | E15: VARCHAR | F15: 500 | G15: Y
B16: 8
B17: 9
B18: 10
B19: 11
B20: 12
B21: 13
B22: 14
B23: 15
B24: 16
B25: 17
B26: 18
B27: 19
B28: 20

Sheet tbl_approval_doc
B2: 테이블 정의서 _ | H2: =D4 -> tbl_approval_doc
B4: 테이블명 | D4: tbl_approval_doc | G4: 테이블한글명 | I4: =VLOOKUP($D$4,'테이블 목록 정의서'!$C$9:$E$51,2,) -> 결재 문서 정보
B5: 테이블 정의 | D5: =VLOOKUP($D$4,'테이블 목록 정의서'!$C$9:$E$51,3,) -> 기안자가 작성한 결재 문서의 상태를 저장하는 테이블
B6: 작성자 | D6: 이창민 | G6: 작성일 | I6: 45948
B8: No | C8: Column 명 | D8: 컬럼한글명 | E8: 자료형 | F8: 크기 | G8: NULL | H8: key | I8: 비고
B9: 1 | C9: doc_id | D9: 문서 고유 ID | E9: BIGINT | G9: N | H9: PK | I9: AUTO_INCREMENT
B10: 2 | C10: title | D10: 제목 | E10: LONGTEXT | G10: N
B11: 3 | C11: content | D11: 내용 | E11: TEXT | G11: N
B12: 4 | C12: updater_id | D12: 수정자ID | E12: BIGINT | G12: N | H12: FK | I12: tbl_employee.employee_id 참조 ,ON DELETE SET NULL
B13: 5 | C13: doc_status | D13: 문서 상태 | E13: VARCHAR | F13: 20 | G13: N | I13: tbl_common_code.common_code_id 참조
B14: 6 | C14: created_at | D14: 작성일 | E14: DATETIME | G14: N | I14: DEFAULT CURRENT_TIMESTAMP
B15: 7 | C15: updated_at | D15: 수정일 | E15: DATETIME | G15: N | I15: DEFAULT CURRENT_TIMESTAMP ON UPDATE CURRENT_TIMESTAMP
B16: 8 | C16: start_date | D16: 시작날짜 | E16: DATETIME | G16: Y
B17: 9 | C17: end_date | D17: 종료날짜 | E17: DATETIME | G17: Y
B18: 10 | C18: creator_id | D18: 기안자 ID | E18: BIGINT | G18: Y | H18: FK | I18: tbl_employee.employee_id 참조 ,ON DELETE SET NULL
B19: 11 | C19: approval_template | D19: 문서 양식 코드 | E19: BIGINT | G19: Y | H19: FK | I19: tbl_common_code.common_code_id 참조
B20: 12 | C20: vacation_type_code | D20: 휴가 종류 코드 | E20: BIGINT | G20: Y | H20: FK | I20: tbl_common_code.common_code_id 참조. AT1 (휴가 전용)
B21: 13 | C21: vacation_days | D21: 휴가 사용 일수 | E21: DOUBLE | G21: Y | I21: 연차/반차 계산용 AT1 (휴가 전용)
B22: 14 | C22: vacation_reason | D22: 휴가 사유 | E22: LONGTEXT | G22: Y | I22: AT1 (휴가 전용)
B23: 15 | C23: trip_location | D23: 출장지 | E23: LONGTEXT | G23: Y | I23: AT2( 출장계획서 전용)
B24: 16 | C24: transportation | D24: 교통편 | E24: LONGTEXT | G24: Y | I24: AT2( 출장계획서 전용)
B25: 17 | C25: trip_purpose | D25: 출장 목적 | E25: LONGTEXT | G25: Y | I25: AT2( 출장계획서 전용)
B26: 18 | C26: trip_remark | D26: 출장 비고 | E26: LONGTEXT | G26: Y | I26: AT2( 출장계획서 전용)

Sheet tbl_employee
B2: 테이블 정의서 _ | H2: =D4 -> tbl_employee
B4: 테이블명 | D4: tbl_employee | G4: 테이블한글명 | I4: =VLOOKUP($D$4,'테이블 목록 정의서'!$C$9:$E$51,2,) -> 직원 기본 정보
B5: 테이블 정의 | D5: =VLOOKUP($D$4,'테이블 목록 정의서'!$C$9:$E$51,3,) -> 직원의 로그인 정보, 인적 사항 등 기본 정보를 관리하는 테이블
B6: 작성자 | D6: 권형택 | G6: 작성일 | I6: 45948
B8: No | C8: Column 명 | D8: 컬럼한글명 | E8: 자료형 | F8: 크기 | G8: NULL | H8: key | I8: 비고
B9: 1 | C9: employee_id | D9: 직원 고유 ID | E9: BIGINT | F9: 20 | G9: N | H9: PK | I9: AUTO_INCREMENT
B10: 2 | C10: username | D10: 로그인 아이디 | E10: VARCHAR | F10: 255 | G10: N | H10: UK
B11: 3 | C11: password | D11: 암호화된 비밀번호 | E11: LONGTEXT | G11: N
B12: 4 | C12: name | D12: 이름 | E12: LONGTEXT | G12: N
B13: 5 | C13: email | D13: 이메일 | E13: LONGTEXT | G13: N | H13: UK
B14: 6 | C14: phone_number | D14: 연락처 | E14: LONGTEXT | G14: Y
B15: 7 | C15: hire_date | D15: 입사일 | E15: DATE | G15: N
B16: 8 | C16: status | D16: 재직 상태 | E16: BIGINT | F16: 20 | G16: N | H16: FK | I16: CommonCode 참조
B17: 9 | C17: profile_img | D17: 프로필 이미지 | E17: LONGTEXT | G17: Y
B18: 10 | C18: is_initial_password | D18: 초기비밀번호 여부 | E18: TINYINT | F18: 1 | G18: N | I18: Default 'true'
B19: 11 | C19: department_id | D19: 소속 부서 | E19: BIGINT | F19: 20 | G19: N | H19: FK | I19: CommonCode 참조
B20: 12 | C20: position_id | D20: 직급 | E20: BIGINT | F20: 20 | G20: N | H20: FK | I20: CommonCode 참조
B21: 13 | C21: role_id | D21: 권한 | E21: BIGINT | F21: 20 | G21: N | H21: FK | I21: CommonCode 참조
B22: 14 | C22: created_at | D22: 생성일 | E22: DATETIME | G22: N
B23: 15 | C23: updated_at | D23: 수정일 | E23: DATETIME | G23: N
B24: 16 | C24: creator_id | D24: 생성자 | E24: BIGINT | F24: 20 | G24: Y | H24: FK | I24: ON DELETE SET NULL
B25: 17 | C25: updater_id | D25: 수정자 | E25: BIGINT | F25: 20 | G25: Y | H25: FK | I25: ON DELETE SET NULL
B26: 18
B27: 19
B28: 20
B29: 21
B30: 22

Sheet tbl_attendance
B2: 테이블 정의서 _ | H2: =D4 -> tbl_attendance
B4: 테이블명 | D4: tbl_attendance | G4: 테이블한글명 | I4: 근태 관리
B5: 테이블 정의 | D5: 사원의 출퇴근 및 근무 상태를 관리하는 테이블
B6: 작성자 | D6: 이창민 | G6: 작성일 | I6: 45951
B8: No | C8: Clumn 명 | D8: 컬럼한글명 | E8: 자료형 | F8: 크기 | G8: NULL | H8: key | I8: 비고
B9: 1 | C9: attendance_id | D9: 근태기록 ID | E9: BIGINT | G9: N | H9: PK | I9: AUTO_INCREMENT
B10: 2 | C10: create_employee | D10: 직원ID | E10: BIGINT | G10: Y | H10: FK | I10: tbl_employee.employee_id 참조, ON DELETE SET NULL
B11: 3 | C11: work_date | D11: 누적 근무 일수 | E11: BIGINT | G11: N
B12: 4 | C12: attendance_date | D12: 근무날짜 | E12: DATETIME | G12: N | I12: 출근 기준 날짜
B13: 5 | C13: is_deleted | D13: 삭제 여부 | E13: BOOLEAN | G13: Y | I13: SOFT DELETE
B14: 6 | C14: start_time | D14: 출근 시각 | E14: DATETIME | G14: Y | I14: 출근 시간
B15: 7 | C15: end_time | D15: 퇴근 시각 | E15: DATETIME | G15: Y | I15: 퇴근 시간
B16: 8 | C16: created_at | D16: 등록일 | E16: DATETIME | G16: Y | I16: DEFAULT CURRENT_TIMESTAMP
B17: 9 | C17: updated_at | D17: 수정일 | E17: DATETIME | G17: Y | I17: DEFAULT CURRENT_TIMESTAMP UPDATE CURRENT_TIMESTAMP
B18: 10 | C18: work_status | D18: 근무 상태코드 | E18: BIGINT | G18: Y | H18: FK | I18: tbl_common_code.common_code_id 참조 (출근/퇴근/외근 등)

Sheet tbl_attendance_history
B2: 테이블 정의서 _ | H2: =D4 -> tbl_attendance_history
B4: 테이블명 | D4: tbl_attendance_history | G4: 테이블한글명 | I4: 근태 이력 테이블
B5: 테이블 정의 | D5: 근태 상태 변경, 출퇴근 기록 등 근태 관련 행동 이력을 저장하는 테이블
B6: 작성자 | D6: 이창민 | G6: 작성일 | I6: 45951
B8: No | C8: Clumn 명 | D8: 컬럼한글명 | E8: 자료형 | F8: 크기 | G8: NULL | H8: key | I8: 비고
B9: 1 | C9: history_id | D9: 근태 이력 ID | E9: BIGINT | G9: N | H9: PK | I9: AUTO_INCREMENT
B10: 2 | C10: attendance_id | D10: 근태 기록ID | E10: BIGINT | G10: N | H10: FK | I10: tbl_attendance.attendance_id 참조
B11: 3 | C11: employee_id | D11: 직원 ID | E11: BIGINT | G11: Y | H11: FK | I11: tbl_employee.employee_id 참조, ON DELETE SET NULL
B12: 4 | C12: action_code_id | D12: 작업 코드 ID | E12: BIGINT | G12: N | H12: FK | I12: tbl_common_code.common_code_id 참조 (출근/퇴근/외근 등)
B13: 5 | C13: action_time | D13: 작업 발생 시각 | E13: DATETIME | G13: N | I13: 상태 변경/출퇴근 시각 저장

Sheet tbl_annual_leave
B2: 테이블 정의서 _ | H2: =D4 -> tbl_annual_leave
B4: 테이블명 | D4: tbl_annual_leave | G4: 테이블한글명 | I4: 연차 관리 테이블
B5: 테이블 정의 | D5: 직원별 연차 총일수·사용일수·잔여일수 등 연차 정보를 저장하는 테이블
B6: 작성자 | D6: 이창민 | G6: 작성일 | I6: 45951
B8: No | C8: Clumn 명 | D8: 컬럼한글명 | E8: 자료형 | F8: 크기 | G8: NULL | H8: key | I8: 비고
B9: 1 | C9: leave_id | D9: 연차 ID | E9: BIGINT | G9: N | H9: PK | I9: AUTO_INCREMENT
B10: 2 | C10: employee_id | D10: 직원 ID | E10: DOUBLE | G10: Y | H10: FK | I10: tbl_employee.employee_id 참조, ON DELETE SET NULL
B11: 3 | C11: total_days | D11: 연차 총 일수 | E11: DOUBLE | G11: Y | I11: 기본값 15일(생성 시 자동 세팅)
B12: 4 | C12: used_days | D12: 사용된 연차 일수 | E12: DOUBLE | G12: Y | I12: 기본값 0일(생성 시 자동 세팅)
B13: 5 | C13: leave_year | D13: 연차년도 | E13: BIGINT | G13: Y | I13: 생성 시 현재 연도 자동 세팅
B14: 6 | C14: created_at | D14: 생성일시 | E14: DATETIME | G14: Y | I14: @Prepersist 자동 설정
B15: 7 | C15: updated_at | D15: 수정일시 | E15: DATETIME | G15: Y | I15: @PreUpdate 자동 설정
B16: 8 | C16: is_deleted | D16: 삭제 여부 | E16: BOOLEAN | G16: Y | I16: 기본 false

Sheet tbl_schedule
B2: 테이블 정의서 _ | H2: =D4 -> tbl_schedule
B4: 테이블명 | D4: tbl_schedule | G4: 테이블한글명 | I4: =VLOOKUP($D$4,'테이블 목록 정의서'!$C$9:$E$51,2,) -> 일정관리
B5: 테이블 정의 | D5: =VLOOKUP($D$4,'테이블 목록 정의서'!$C$9:$E$51,3,) -> 사원의 개인/공유 일정을 관리하는 테이블
B6: 작성자 | D6: 이창민 | G6: 작성일 | I6: 45951
B8: No | C8: Column 명 | D8: 컬럼한글명 | E8: 자료형 | F8: 크기 | G8: NULL | H8: key | I8: 비고
B9: 1 | C9: schedule_id | D9: 일정 ID | E9: BIGINT | G9: N | H9: PK | I9: AUTO_INCREMENT
B10: 2 | C10: created_id | D10: 작성자 ID | E10: BIGINT | G10: Y | H10: FK | I10: tbl_employee.employee_id 참조/ ON DELETE SET NULL
B11: 3 | C11: schedule_category_id | D11: 일정 카테고리 코드 | E11: BIGINT | G11: N | H11: FK | I11: tbl_common_code.common_code_id 참조
B12: 4 | C12: title | D12: 일정 제목 | E12: LONGTEXT | G12: Y | I12: 일정 제목
B13: 5 | C13: content | D13: 일정 내용 | E13: LONGTEXT | G13: Y | I13: 상세 설명
B14: 6 | C14: start_time | D14: 시작 시간 | E14: DATETIME | G14: Y | I14: 일정 시작 시각
B15: 7 | C15: end_time | D15: 종료 시간 | E15: DATETIME | G15: Y | I15: 일정 종료 시각
B16: 8 | C16: place | D16: 장소 | E16: LONGTEXT | G16: Y | I16: 일정 장소
B17: 9 | C17: created_at | D17: 등록일 | E17: DATETIME | G17: Y | I17: createSchedule() 에서 자동 설정
B18: 10 | C18: updated_at | D18: 수정일 | E18: DATETIME | G18: Y | I18: update(), delete() 시 자동 설정
B19: 11 | C19: is_deleted | D19: 삭제 여부 | E19: BOOLEAN | G19: Y | I19: SOFT DELETE

Sheet tbl_schedule_participant
B2: 테이블 정의서 _ | H2: =D4 -> tbl_schedule_participant
B4: 테이블명 | D4: tbl_schedule_participant | G4: 테이블한글명 | I4: =VLOOKUP($D$4,'테이블 목록 정의서'!$C$9:$E$51,2,) -> 일정 참석자
B5: 테이블 정의 | D5: =VLOOKUP($D$4,'테이블 목록 정의서'!$C$9:$E$51,3,) -> 일정별 참석자 목록 및 참석 상태를 관리하는 테이블
B6: 작성자 | D6: 이창민 | G6: 작성일 | I6: 45951
B8: No | C8: Column 명 | D8: 컬럼한글명 | E8: 자료형 | F8: 크기 | G8: NULL | H8: key | I8: 비고
B9: 1 | C9: participant_id | D9: 참석자 ID | E9: BIGINT | G9: N | H9: PK | I9: AUTO_INCREMENT
B10: 2 | C10: schedule_id | D10: 일정 ID | E10: BIGINT | G10: N | H10: FK | I10: tbl_schedule.schedule_id 참조
B11: 3 | C11: participant | D11: 참석자 직원 | E11: BIGINT | G11: Y | H11: FK | I11: tbl_employee.employee_id 참조/ ON DELETE SET NULL
B12: 4 | C12: participant_status_code_id | D12: 참석 상태 코드 | E12: BIGINT | G12: N | H12: FK | I12: tbl_common_code.common_code_id (참석/거절/보류)
B13: 5 | C13: created_at | D13: 등록일 | E13: DATETIME | G13: Y | I13: createScheduleParticipant()에서 자동 설정
B14: 6 | C14: updated_at | D14: 수정일 | E14: DATETIME | G14: Y | I14: updateStatus(), delete() 시 자동 설정
B15: 7 | C15: is_deleted | D15: 삭제 여부 | E15: BOOLEAN | G15: Y | I15: SOFT DELETE

Sheet tbl_notification
B2: 테이블 정의서 _ | H2: =D4 -> tbl_notification
B4: 테이블명 | D4: tbl_notification | G4: 테이블한글명 | I4: =VLOOKUP($D$4,'테이블 목록 정의서'!$C$9:$E$51,2,) -> 알림 정보
B5: 테이블 정의 | D5: =VLOOKUP($D$4,'테이블 목록 정의서'!$C$9:$E$51,3,) -> 알림 기능을 관리 하고 기록 하는 테이블
B6: 작성자 | D6: 김경진 | G6: 작성일 | I6: 2025.10.21
B8: No | C8: Column 명 | D8: 컬럼한글명 | E8: 자료형 | F8: 크기 | G8: NULL | H8: key | I8: 비고
B9: 1 | C9: notification_id | D9: 알림 ID | E9: LONG | G9: N | H9: PK | I9: AUTO_INCREMENT
B10: 2 | C10: empyloee_id | D10: 수신자 ID | E10: LONG | G10: N | H10: FK | I10: tbl_employee.employee_id 참조
B11: 3 | C11: owner_type | D11: 알림 출처 | E11: LONG | G11: N | H11: FK
B12: 4 | C12: type | D12: 알림의 종류 | E12: LONG | G12: N | I12: ENUM( "MAIL, WORKLOG, APPROVAL, BOARD, EMPLOYEE, TEAMCHATNOTI, SCHEDULEINVITE')
B13: 5 | C13: url | D13: 주소 | E13: LONGTEXT | G13: N | I13: 연결 리소스, 화면 라우팅에 사용
B14: 6 | C14: title | D14: 제목 | E14: LONGTEXT | G14: N | K14: 권형택: 알림 제목은 notification 로직에서 처리해주는 것이 좋아보임
B15: 7 | C15: content | D15: 내용 | E15: LONGTEXT | G15: N
B16: 8 | C16: created_at | D16: 생성 시간 | E16: DATETIME | G16: N | I16: DEFAULT CURRENT_TIMESTAMP
B17: 9 | C17: read_at | D17: 읽은 시간 | E17: DATETIME | G17: Y | I17: 알림을 읽었을 때 read_at update
B18: 10 | C18: is_deleted | D18: 알림 삭제 여부 | E18: BOOLEAN | G18: N | I18: 알림 삭제(소프트 삭제)
B19: 11
B20: 12
B21: 13
B22: 14
B23: 15
B24: 16
B25: 17
B26: 18
B27: 19
B28: 20
B29: 21

Sheet tbl_chat_message
B2: 테이블 정의서 _ | H2: =D4 -> tbl_chat_message
B4: 테이블명 | D4: tbl_chat_message | G4: 테이블한글명 | I4: =VLOOKUP($D$4,'테이블 목록 정의서'!$C$9:$E$51,2,) -> 채팅 메시지
B5: 테이블 정의 | D5: =VLOOKUP($D$4,'테이블 목록 정의서'!$C$9:$E$51,3,) -> 채팅방 메시지 정보를 관리 하고 기록 하는 테이블
B6: 작성자 | D6: 김경진 | G6: 작성일 | I6: 2025.10.21
B8: No | C8: Column 명 | D8: 컬럼한글명 | E8: 자료형 | F8: 크기 | G8: NULL | H8: key | I8: 비고
B9: 1 | C9: chat_message_id | D9: 채팅 메시지 고유 ID | E9: LONG | G9: N | H9: PK | I9: AUTO_INCREMENT
B10: 2 | C10: chat_room | D10: 채팅방 ID | E10: LONG | G10: N | H10: FK | I10: tbl_chat_room.room_id 참조
B11: 3 | C11: message_type | D11: 메시지 타입 | E11: ENUM | G11: N | H11: FK | I11: 메시지 타입(USER, SYSTEAM)
B12: 3 | C12: employee_id | D12: 직원 ID | E12: LONG | G12: Y | H12: FK | I12: tbl_employee.employee_id 참조
B13: 4 | C13: content | D13: 채팅 내용 | E13: LONGTEXT | G13: N
B14: 5 | C14: created_at | D14: 생성 시각 | E14: DATETIME | G14: N | I14: DEFAULT CURRENT_TIMESTAMP
B15: 6 | C15: is_deleted | D15: 삭제 여부 | E15: BOOLEAN | G15: N | I15: DEFAULT FALSE
B16: 7
B17: 8
B18: 9
B19: 10
B20: 11
B21: 12
B22: 13
B23: 14
B24: 15
B25: 16
B26: 17
B27: 18
... B29: 20

Sheet tbl_chat_room
B2: 테이블 정의서 _ | H2: =D4 -> tbl_chat_room
B4: 테이블명 | D4: tbl_chat_room | G4: 테이블한글명 | I4: =VLOOKUP($D$4,'테이블 목록 정의서'!$C$9:$E$51,2,) -> 채팅방 정보
B5: 테이블 정의 | D5: =VLOOKUP($D$4,'테이블 목록 정의서'!$C$9:$E$51,3,) -> 채팅방 정보를 기록 하는 테이블
B6: 작성자 | D6: 김경진 | G6: 작성일 | I6: 2025.10.21
B8: No | C8: Column 명 | D8: 컬럼한글명 | E8: 자료형 | F8: 크기 | G8: NULL | H8: key | I8: 비고
B9: 1 | C9: chat_room_id | D9: 채팅방 고유 ID | E9: LONG | G9: N | H9: PK | I9: AUTO_INCREMENT
B10: 2 | C10: employee | D10: 채팅방 생성자 | E10: LONG | G10: Y | H10: FK
B11: 3 | C11: name | D11: 채팅방 이름 | E11: LONGTEXT | G11: N
B12: 4 | C12: is_team | D12: 팀 채팅방 여부 | E12: BOOLEAN | G12: N
B13: 5 | C13: created_at | D13: 생성일시 | E13: DATETIME | G13: N | I13: DEFAULT CURRENT_TIMESTAMP
B14: 6 | C14: is_deleted | D14: 채팅방 삭제 여부 | E14: BOOLEAN | G14: N
B15: 7
B16: 8
B17: 9
B18: 10
B19: 11
B20: 12
B21: 13
B22: 14
B23: 15
B24: 16
B25: 17
B26: 18
... B28: 20

Sheet tbl_chat_employee
B2: 테이블 정의서 _ | H2: =D4 -> tbl_chat_employee
B4: 테이블명 | D4: tbl_chat_employee | G4: 테이블한글명 | I4: =VLOOKUP($D$4,'테이블 목록 정의서'!$C$9:$E$51,2,) -> 채팅 사원
B5: 테이블 정의 | D5: =VLOOKUP($D$4,'테이블 목록 정의서'!$C$9:$E$51,3,) -> 채팅 서비스를 이용하는 사원의 정보를 관리 하고 기록 하는 테이블
B6: 작성자 | D6: 김경진 | G6: 작성일 | I6: 2025.10.21
B8: No | C8: Column 명 | D8: 컬럼한글명 | E8: 자료형 | F8: 크기 | G8: NULL | H8: key | I8: 비고
B9: 1 | C9: chat_employee_id | D9: 채팅방 참여자 고유 ID | E9: LONG | G9: N | H9: PK | I9: AUTO_INCREMENT
B10: 2 | C10: employee | D10: 참여 직원 | E10: LONG | G10: Y | H10: FK | I10: tbl_chat_room.room_id 참조
B11: 3 | C11: chat_room | D11: 채팅방 | E11: LONG | G11: N | H11: FK,UK | I11: tbl_employee.employee_id 참조
B12: 4 | C12: display_name | D12: 개인별 채팅방 제목 | E12: LONGTEXT | G12: N
B13: 5 | C13: joined_at | D13: 참여 시각 | E13: DATETIME | G13: N | I13: DEFAULT CURRENT_TIMESTAMP
B14: 6 | C14: is_left | D14: 나가기 여부 | E14: BOOLEAN | G14: N | I14: DEFAULT 0 (0: FALSE 1: TRUE)
B15: 7 | C15: is_notify | D15: 채팅방 알림 허용 여부 | E15: BOOLEAN | G15: N | I15: 확인 필요
B16: 8 | C16: last_read_message | D16: 마지막으로 읽은 메시지 | E16: LONG | G16: N | H16: FK | I16: 처음 채팅방을 생성 하면 메시지가 없어서 DEFAULT NULL
B17: 9
B18: 10
B19: 11
B20: 12
B21: 13
B22: 14
B23: 15
B24: 16
B25: 17
B26: 18
B27: 19
B28: 20

Sheet tbl_mail
B2: 테이블 정의서 _ | H2: =D4 -> tbl_mail
B4: 테이블명 | D4: tbl_mail | G4: 테이블한글명 | I4: =VLOOKUP($D$4,'테이블 목록 정의서'!$C$9:$E$51,2,) -> 메일 기본 정보
B5: 테이블 정의 | D5: =VLOOKUP($D$4,'테이블 목록 정의서'!$C$9:$E$51,3,) -> 메일의 정보 저장 테이블
B6: 작성자 | D6: 조기완 | G6: 작성일 | I6: 2025.10.21
B8: No | C8: Column 명 | D8: 컬럼한글명 | E8: 자료형 | F8: 크기 | G8: NULL | H8: key | I8: 비고
B9: 1 | C9: mail_id | D9: 메일 고유 식별자 | E9: BIGINT | G9: N | H9: PK | I9: AUTO_INCREMENT
B10: 2 | C10: employee_id | D10: 발신자 ID | E10: BIGINT | G10: Y | H10: FK | I10: tbl_employee.employee_id ON DELETE SET NULL
B11: 3 | C11: title | D11: 메일 제목 | E11: LONGTEXT | G11: N
B12: 4 | C12: content | D12: 본문 내용 | E12: LONGTEXT | G12: Y
B13: 5 | C13: send_at | D13: 메일 발송 시간 | E13: DATETIME | G13: Y
B14: 6 | C14: created_at | D14: 생성 시각 | E14: DATETIME | G14: N | I14: DEFAULT CURRENT_TIMESTAMP
B15: 7 | C15: updated_at | D15: 수정 시각 | E15: DATETIME | G15: N | I15: DEFAULT CURRENT_TIMESTAMP ON UPDATE CURRENT_TIMESTAMP
B16: 8 | C16: parent_mail_id | D16: 회신 시 원본 메일 ID | E16: BIGINT | G16: Y | H16: FK | I16: tbl_mail.mail_id ON DELETE SET NULL
B17: 9 | C17: thread_id | D17: 회신 스레드 번호 | E17: BIGINT | G17: Y | I17: 회신 체인 구분용
B18: 10 | C18: eml_path | D18: EML 파일 저장 경로 | E18: VARCHAR | F18: 500 | G18: Y
B19: 11
B20: 12
B21: 13
B22: 14
B23: 15
B24: 16
B25: 17
B26: 18
B27: 19
B28: 20

Sheet tbl_mail_receiver
B2: 테이블 정의서 _ | H2: =D4 -> tbl_mail_receiver
B4: 테이블명 | D4: tbl_mail_receiver | G4: 테이블한글명 | I4: =VLOOKUP($D$4,'테이블 목록 정의서'!$C$9:$E$51,2,) -> 메일 수신자 정보
B5: 테이블 정의 | D5: =VLOOKUP($D$4,'테이블 목록 정의서'!$C$9:$E$51,3,) -> 메일 한 건에 대한 수신자 정보 테이블
B6: 작성자 | D6: 조기완 | G6: 작성일 | I6: 2025.10.22
B8: No | C8: Column 명 | D8: 컬럼한글명 | E8: 자료형 | F8: 크기 | G8: NULL | H8: key | I8: 비고
B9: 1 | C9: receiver_id | D9: 수신자 정보 고유 ID | E9: BIGINT | G9: N | H9: PK | I9: AUTO_INCREMENT
B10: 2 | C10: mail_id | D10: 연결된 메일 ID | E10: BIGINT | G10: N | H10: FK | I10: tbl_mail.mail_id
B11: 3 | C11: email | D11: 수신자 이메일 | E11: VARCHAR | F11: 255 | G11: N
B12: 4 | C12: type_id | D12: 수신자 타입 | E12: BIGINT | G12: N | H12: FK | I12: 공통코드(CommonCode) FK
B13: 5 | C13: UK | D13: 중복방지 | H13: UK | I13: ('mail_id','email','type_id')
B14: 6
B15: 7
B16: 8
B17: 9
B18: 10
B19: 11
B20: 12
B21: 13
B22: 14
B23: 15
B24: 16
B25: 17
... B28: 20

Sheet tbl_mailbox
B2: 테이블 정의서 _ | H2: =D4 -> tbl_mailbox
B4: 테이블명 | D4: tbl_mailbox | G4: 테이블한글명 | I4: =VLOOKUP($D$4,'테이블 목록 정의서'!$C$9:$E$51,2,) -> 메일함 관리
B5: 테이블 정의 | D5: =VLOOKUP($D$4,'테이블 목록 정의서'!$C$9:$E$51,3,) -> 사용자별 메일함 관리 테이블
B6: 작성자 | D6: 조기완 | G6: 작성일 | I6: 2025.10.22
B8: No | C8: Column 명 | D8: 컬럼한글명 | E8: 자료형 | F8: 크기 | G8: NULL | H8: key | I8: 비고
B9: 1 | C9: box_id | D9: 메일함 ID | E9: BIGINT | G9: N | H9: PK | I9: AUTO_INCREMENT
B10: 2 | C10: employee_id | D10: 사용자 ID | E10: BIGINT | G10: Y | H10: FK | I10: tbl_employee.employee_id ON DELETE SET NULL
B11: 3 | C11: mail_id | D11: 메일 ID | E11: BIGINT | G11: N | H11: FK | I11: tbl_mail.mail_id
B12: 4 | C12: type_id | D12: 메일함 유형 | E12: BIGINT | G12: N | H12: FK | I12: 공통코드(CommonCode) FK
B13: 5 | C13: is_read | D13: 읽음 여부 | E13: BOOLEAN | G13: N | I13: DEFAULT FALSE
B14: 6 | C14: deleted_status | D14: 삭제 단계 | E14: TINYINT | G14: N | I14: DEFAULT 0(0 - 삭제x, 1 - 휴지통, 2 - 소프트삭제)
B15: 7 | C15: 유니크 키 | D15: 중복 방지 | H15: UK | I15: (employee_id, mail_id, type_id)
B16: 8
B17: 9
B18: 10
B19: 11
B20: 12
B21: 13
B22: 14
B23: 15
B24: 16
B25: 17
B26: 18
B27: 19
B28: 20

Sheet tbl_work_log
B2: 테이블 정의서 _ | H2: =D4 -> tbl_work_log
B4: 테이블명 | D4: tbl_work_log | G4: 테이블한글명 | I4: =VLOOKUP($D$4,'테이블 목록 정의서'!$C$9:$E$51,2,) -> 업무일지 테이블
B5: 테이블 정의 | D5: =VLOOKUP($D$4,'테이블 목록 정의서'!$C$9:$E$51,3,) -> 업무일지의 정보 저장 테이블
B6: 작성자 | D6: 조기완 | G6: 작성일 | I6: 2025.10.22
B8: No | C8: Column 명 | D8: 컬럼한글명 | E8: 자료형 | F8: 크기 | G8: NULL | H8: key | I8: 비고
B9: 1 | C9: work_log_id | D9: 업무일지 ID | E9: BIGINT | G9: N | H9: PK | I9: AUTO_INCREMENT
B10: 2 | C10: employee_id | D10: 작성자 ID | E10: BIGINT | G10: Y | H10: FK | I10: tbl_employee.employee_id
B11: 3 | C11: work_type_id | D11: 업무 분류 | E11: BIGINT | G11: N | H11: FK | I11: 공통코드(CommonCode) FK
B12: 4 | C12: work_option_id | D12: 세부 업무 | E12: BIGINT | G12: N | H12: FK | I12: 공통코드(CommonCode) FK
B13: 5 | C13: work_date | D13: 작업일 | E13: DATETIME | G13: N | I13: 작성일이 아니라 업무 수행 날짜
B14: 6 | C14: title | D14: 제목 | E14: LONGTEXT | G14: N
B15: 7 | C15: content | D15: 업무내용 | E15: LONGTEXT | G15: Y
B16: 8 | C16: is_deleted | D16: 삭제 여부 | E16: BOOLEAN | G16: N | I16: DEFAULT FALSE(소프트삭제)
B17: 9 | C17: created_at | D17: 생성 시각 | E17: DATETIME | G17: Y | I17: DEFAULT CURRENT_TIMESTAMP
B18: 10 | C18: updated_at | D18: 수정 시각 | E18: DATETIME | G18: Y | I18: DEFAULT CURRENT_TIMESTAMP ON UPDATE CURRENT_TIMESTAMP
B19: 11
B20: 12
B21: 13
B22: 14
B23: 15
B24: 16
B25: 17
B26: 18
B27: 19
B28: 20

Sheet tbl_work_log_read
B2: 테이블 정의서 _ | H2: =D4 -> tbl_work_log_read
B4: 테이블명 | D4: tbl_work_log_read | G4: 테이블한글명 | I4: =VLOOKUP($D$4,'테이블 목록 정의서'!$C$9:$E$51,2,) -> 읽음 이력 테이블
B5: 테이블 정의 | D5: =VLOOKUP($D$4,'테이블 목록 정의서'!$C$9:$E$51,3,) -> 업무일지 사용자별 읽음 처리 테이블
B6: 작성자 | D6: 조기완 | G6: 작성일 | I6: 2025.10.22
B8: No | C8: Column 명 | D8: 컬럼한글명 | E8: 자료형 | F8: 크기 | G8: NULL | H8: key | I8: 비고
B9: 1 | C9: read_id | D9: 읽음 이력 ID | E9: BIGINT | G9: N | H9: PK | I9: AUTO_INCREMENT
B10: 2 | C10: work_log_id | D10: 업무일지 ID | E10: BIGINT | G10: N | H10: FK | I10: tbl_work_log.work_log_id
B11: 3 | C11: employee_id | D11: 열람 사용자 ID | E11: BIGINT | G11: Y | H11: FK | I11: tbl_employee.employee_id
B12: 4 | C12: 유니크키 | H12: UK | I12: (`work_log_id`, `employee_id`)
B13: 5
B14: 6
B15: 7
B16: 8
B17: 9
B18: 10
B19: 11
B20: 12
B21: 13
B22: 14
B23: 15
B24: 16
... B28: 20

Sheet tbl_file
B2: 테이블 정의서 _ | H2: =D4 -> tbl_file
B4: 테이블명 | D4: tbl_file | G4: 테이블한글명 | I4: =VLOOKUP($D$4,'테이블 목록 정의서'!$C$9:$E$51,2,) -> 첨부파일
B5: 테이블 정의 | D5: =VLOOKUP($D$4,'테이블 목록 정의서'!$C$9:$E$51,3,) -> 공용 첨부파일 테이블
B6: 작성자 | D6: 조기완 | G6: 작성일 | I6: 2025.10.23
B8: No | C8: Column 명 | D8: 컬럼한글명 | E8: 자료형 | F8: 크기 | G8: NULL | H8: key | I8: 비고
B9: 1 | C9: file_id | D9: 파일 ID | E9: BIGINT | G9: N | H9: PK | I9: AUTO_INCREMENT
B10: 2 | C10: original_name | D10: 업로드 파일명 | E10: VARCHAR | F10: 255 | G10: N
B11: 3 | C11: ext | D11: 확장자 | E11: VARCHAR | F11: 20 | G11: Y
B12: 4 | C12: size | D12: 파일 크기 | E12: BIGINT | G12: N
B13: 5 | C13: storage_path | D13: 저장 경로 | E13: VARCHAR | F13: 500 | G13: N | I13: UNIQUE
B14: 6 | C14: mime_type | D14: MIME 타입 | E14: VARCHAR | F14: 100 | G14: Y
B15: 7 | C15: created_at | D15: 생성 시각 | E15: DATETIME | G15: N | I15: DEFAULT CURRENT_TIMESTAMP
B16: 8 | C16: is_deleted | D16: 삭제 여부 | E16: BOOLEAN | G16: N
B17: 9 | C17: owner_type_id | D17: 업로드 모듈 | E17: BIGINT | G17: N | H17: FK | I17: 공통코드(CommonCode) FK
B18: 10 | C18: owner_id | D18: 모듈 내 고유 ID | E18: BIGINT | G18: Y
B19: 11
B20: 12
B21: 13
B22: 14
B23: 15
B24: 16
B25: 17
B26: 18
B27: 19
B28: 20

Sheet tbl_employee_history
B2: 테이블 정의서 _ | H2: =D4 -> tbl_employee_history
B4: 테이블명 | D4: tbl_employee_history | G4: 테이블한글명 | I4: =VLOOKUP($D$4,'테이블 목록 정의서'!$C$9:$E$51,2,) -> 인사정보 변동 이력
B5: 테이블 정의 | D5: =VLOOKUP($D$4,'테이블 목록 정의서'!$C$9:$E$51,3,) -> 인사정보 변동이력을 기록하는 테이블
B6: 작성자 | D6: 권형택 | G6: 작성일 | I6: 45953
B8: No | C8: Clumn 명 | D8: 컬럼한글명 | E8: 자료형 | F8: 크기 | G8: NULL | H8: key | I8: 비고
B9: 1 | C9: history_id | D9: 변경 이력 고유 ID | E9: BIGINT | F9: 20 | G9: N | H9: PK | I9: AUTO_INCREMENT
B10: 2 | C10: employee_id | D10: 변경 대상 직원 | E10: BIGINT | F10: 20 | G10: Y | H10: FK | I10: ON DELETE SET NULL
B11: 3 | C11: updater_id | D11: 변경 수행 관리자 | E11: BIGINT | F11: 20 | G11: Y | H11: FK | I11: ON DELETE SET NULL
B12: 4 | C12: field_name | D12: 변경된 필드명 | E12: VARCHAR | F12: 255 | G12: N
B13: 5 | C13: old_value | D13: 변경 전 값 | E13: LONGTEXT | G13: Y
B14: 6 | C14: new_value | D14: 변경 후 값 | E14: LONGTEXT | G14: Y
B15: 7 | C15: changed_at | D15: 변경 발생 시각 | E15: DATETIME | G15: N
B16: 8
B17: 9
B18: 10
B19: 11
B20: 12
B21: 13
B22: 14
B23: 15
B24: 16
B25: 17
B26: 18
B27: 19
B28: 20

Sheet tbl_common_code
B2: 테이블 정의서 _ | H2: =D4 -> tbl_common_code
B4: 테이블명 | D4: tbl_common_code | G4: 테이블한글명 | I4: =VLOOKUP($D$4,'테이블 목록 정의서'!$C$9:$E$51,2,) -> 공통 코드 정보
B5: 테이블 정의 | D5: =VLOOKUP($D$4,'테이블 목록 정의서'!$C$9:$E$51,3,) -> 직급, 부서, 상태 등의 모든 코드형 값을 관리하는 테이블
B6: 작성자 | D6: 권형택 | G6: 작성일 | I6: 45953
B8: No | C8: Clumn 명 | D8: 컬럼한글명 | E8: 자료형 | F8: 크기 | G8: NULL | H8: key | I8: 비고
B9: 1 | C9: common_code_id | D9: PK | E9: BIGINT | F9: 20 | G9: N | H9: PK | I9: AUTO_INCREMENT
B10: 2 | C10: code | D10: 코드 (비즈니스 키) | E10: LONGTEXT | G10: N | H10: UK | I10: Unique Constraint
B11: 3 | C11: code_description | D11: 코드설명 | E11: LONGTEXT | G11: N
B12: 4 | C12: value1 | D12: 참조값1 | E12: LONGTEXT | G12: Y
B13: 5 | C13: value2 | D13: 참조값2 | E13: LONGTEXT | G13: Y
B14: 6 | C14: value3 | D14: 참조값3 | E14: LONGTEXT | G14: Y
B15: 7 | C15: sort_order | D15: 우선순위 (정렬용) | E15: BIGINT | F15: 20 | G15: Y
B16: 8 | C16: creator_id | D16: 작성자 (직원 ID) | E16: BIGINT | F16: 20 | G16: Y | H16: FK | I16: ON DELETE SET NULL
B17: 9 | C17: updater_id | D17: 수정자 (직원 ID) | E17: BIGINT | F17: 20 | G17: Y | H17: FK | I17: ON DELETE SET NULL
B18: 10 | C18: created_at | D18: 생성일 | E18: DATETIME | G18: N
B19: 11 | C19: updated_at | D19: 수정일 | E19: DATETIME | G19: N
B20: 12 | C20: is_disabled | D20: 활성화 여부 | E20: TINYINT | F20: 1 | G20: N | I20: Boolean (0/1)
B21: 13
B22: 14
B23: 15
B24: 16
B25: 17
B26: 18
B27: 19
B28: 20
